{
  "assetsByChunkName": {
    "vendors~app-account~app-confirmation~app-order": "chunk.a3f4d6235029b1a406a4.js",
    "vendors~app-account~app-checkout": "chunk.3d7cbcc2b93e957089f0.js",
    "vendors~app-cart~app-checkout": "chunk.852a3f920e036ab04f14.js",
    "admin": [
      "admin.0ce5e534422f2e8f510c.js",
      "admin.0ce5e534422f2e8f510c.js.map"
    ],
    "app-account": "chunk.23a636f40d1909316d9c.js",
    "app-checkout": "chunk.9bb0f40ec0080ab2fce1.js",
    "app-confirmation": "chunk.f12b5c6bd6a7f4306e23.js",
    "checkout": [
      "checkout.a15fad269fa62b8dd3b9.js",
      "checkout.a15fad269fa62b8dd3b9.js.map"
    ],
    "storefront": [
      "storefront.0035f886085d83493e95.css",
      "storefront.897c5b2c8727252c2c94.js",
      "storefront.0035f886085d83493e95.css.map",
      "storefront.897c5b2c8727252c2c94.js.map"
    ],
    "vendors~app-cart": "chunk.4d47976e338418191cda.js",
    "vendors~app-order": "chunk.2094808d22514a9bf103.js"
  }
}